Дата,Клиент,Товар,Количество,Цена,Себестоимость,Менеджер,Регион
2026-09-01,ООО Альфа,Ноутбук,3,75000,62000,Иванов,Центр
2026-09-02,ООО Бета,Монитор,5,28000,21000,Петров,Поволжье
2026-09-03,ООО Гамма,Клавиатура,10,4500,3200,Сидоров,Урал
2026-09-04,ООО Дельта,Ноутбук,2,72000,61000,Иванов,Центр
2026-09-05,ООО Альфа,Мышь,15,2500,1800,Петров,Поволжье
2026-09-06,ООО Омега,Монитор,4,30000,23000,Сидоров,Урал
2026-09-07,ООО Бета,Ноутбук,1,68000,59000,Иванов,Центр
2026-09-08,ООО Гамма,Принтер,3,22000,17500,Петров,Поволжье
2026-09-09,ООО Дельта,Клавиатура,20,4200,3000,Сидоров,Урал
2026-09-10,ООО Омега,Ноутбук,2,70000,60000,Иванов,Центр
2026-09-11,ООО Альфа,Монитор,3,27000,20500,Петров,Поволжье
2026-09-12,ООО Бета,Мышь,25,2300,1700,Сидоров,Урал
2026-09-13,ООО Гамма,Ноутбук,4,73000,62500,Иванов,Центр
2026-09-14,ООО Дельта,Принтер,2,21000,18000,Петров,Поволжье
2026-09-15,ООО Омега,Монитор,6,29000,22000,Сидоров,Урал
2026-09-16,ООО Зета,Ноутбук,2,55000,62000,Иванов,Центр
2026-09-17,ООО Эпсилон,Монитор,3,18000,23000,Петров,Поволжье
2026-09-18,ООО Сигма,Принтер,2,15000,19000,Сидоров,Урал